<?xml version="1.0" encoding="UTF-8" standalone="no"?>
<profiles version="1">
<profile kind="" name="phpSysInfo" version="1">
<setting id="com.aptana.ide.editors.codeassist.formatter.insert_new_line_before_if_statement" value="insert"/>
<setting id="com.aptana.ide.editors.codeassist.formatter.number_of_empty_lines_to_preserve" value="2"/>
<setting id="com.aptana.ide.editors.codeassist.formatter.indent_body_declarations_compare_to_type_header" value="true"/>
<setting id="com.aptana.ide.editors.codeassist.formatter.indent_statements_compare_to_body" value="true"/>
<setting id="com.aptana.ide.editors.codeassist.formatter.insert_space_between_empty_parens_in_enum_constant" value=""/>
<setting id="com.aptana.ide.editors.codeassist.formatter.insert_new_line_in_empty_method_body" value="insert"/>
<setting id="com.aptana.ide.editors.codeassist.formatter.keep_empty_array_initializer_on_one_line" value="true"/>
<setting id="com.aptana.ide.editors.codeassist.formatter.brace_position_for_type_declaration" value="next_line"/>
<setting id="com.aptana.ide.editors.codeassist.formatter.preserve_extra_carriage_returns" value="true"/>
<setting id="com.aptana.ide.editors.codeassist.formatter.lineSplit" value="80"/>
<setting id="com.aptana.ide.editors.codeassist.formatter.put_empty_statement_on_new_line" value="true"/>
<setting id="com.aptana.ide.editors.codeassist.formatter.insert_space_before_opening_brace_in_switch" value="insert"/>
<setting id="com.aptana.ide.editors.codeassist.formatter.brace_position_for_method_declaration" value="next_line"/>
<setting id="FORMATTER_BLANK_LINES_BEFORE_CLASSDECL" value="0"/>
<setting id="FORMATTER_INSERT_SPACE_BEFORE_OBJECT_OPERATOR" value="not-insert"/>
<setting id="com.aptana.ide.editors.codeassist.formatter.preserveWhitespaceinCDATA" value="true"/>
<setting id="com.aptana.ide.editors.codeassist.formatter.insert_space_before_opening_brace_in_method_declaration" value="insert"/>
<setting id="com.aptana.ide.editors.codeassist.formatter.format_guardian_clause_on_one_line" value="false"/>
<setting id="com.aptana.ide.editors.codeassist.formatter.insert_new_line_before_catch_in_try_statement" value="not-insert"/>
<setting id="com.aptana.ide.editors.codeassist.formatter.blank_lines_before_field" value="0"/>
<setting id="FORMATTER_INSERT_SPACE_AFTER_CLOSING_PAREN_IN_TYPE_CAST" value="insert"/>
<setting id="FORMATTER_INDENT_INLINE_PHP_BLOCK" value="false"/>
<setting id="com.aptana.ide.editors.codeassist.formatter.insert_space_after_semicolon_in_for" value="insert"/>
<setting id="com.aptana.ide.editors.codeassist.formatter.insert_space_after_binary_operator" value="insert"/>
<setting id="com.aptana.ide.editors.codeassist.formatter.insert_space_before_colon_in_conditional" value="insert"/>
<setting id="com.aptana.ide.editors.codeassist.formatter.keep_else_statement_on_same_line" value="false"/>
<setting id="com.aptana.ide.editors.codeassist.formatter.insert_new_line_before_while_in_do_statement" value="not-insert"/>
<setting id="com.aptana.ide.editors.codeassist.formatter.indent_switchstatements_compare_to_cases" value="true"/>
<setting id="com.aptana.ide.editors.codeassist.formatter.insert_new_line_before_return_statement" value="insert"/>
<setting id="FORMATTER_BLANK_LINES_BEFORE_CONSTANT" value="0"/>
<setting id="com.aptana.ide.editors.codeassist.formatter.indent_breaks_compare_to_cases" value="true"/>
<setting id="com.aptana.ide.editors.codeassist.formatter.brace_position_for_array_initializer" value="end_of_line"/>
<setting id="com.aptana.ide.editors.codeassist.formatter.blank_lines_before_imports" value="5"/>
<setting id="com.aptana.ide.editors.codeassist.formatter.insert_space_after_closing_brace_in_block" value="insert"/>
<setting id="com.aptana.ide.editors.codeassist.formatter.insert_space_after_comma_in_multiple_field_declarations" value="insert"/>
<setting id="com.aptana.ide.editors.codeassist.formatter.insert_space_before_assignment_operator" value="insert"/>
<setting id="com.aptana.ide.editors.codeassist.formatter.insert_space_before_colon_in_for" value="insert"/>
<setting id="com.aptana.ide.editors.codeassist.formatter.insert_space_after_comma_in_superinterfaces" value="insert"/>
<setting id="FORMATTER_INSERT_SPACE_BEFORE_CONCAT" value="not-insert"/>
<setting id="com.aptana.ide.editors.codeassist.formatter.number_of_blank_lines_at_beginning_of_method_body" value="0"/>
<setting id="com.aptana.ide.editors.codeassist.formatter.alignment_for_multiple_fields" value="1"/>
<setting id="com.aptana.ide.editors.codeassist.formatter.insert_space_before_question_in_conditional" value="insert"/>
<setting id="com.aptana.ide.editors.codeassist.formatter.continuation_indentation" value="1"/>
<setting id="com.aptana.ide.editors.codeassist.formatter.indent_statements_compare_to_block" value="true"/>
<setting id="com.aptana.ide.editors.codeassist.formatter.preserve_extra_carriage_returns2" value=""/>
<setting id="com.aptana.ide.editors.codeassist.formatter.insert_space_before_binary_operator" value="insert"/>
<setting id="com.aptana.ide.editors.codeassist.formatter.insert_space_before_opening_paren_in_switch" value="insert"/>
<setting id="com.aptana.ide.editors.codeassist.formatter.insert_new_line_in_empty_type_declaration" value="a,span,i,b,em,strong,h1,h2,h3,h4,h5,h6,title,option"/>
<setting id="com.aptana.ide.editors.codeassist.formatter.insert_space_after_question_in_conditional" value="insert"/>
<setting id="com.aptana.ide.editors.codeassist.formatter.insert_new_line_before_finally_in_try_statement" value="not-insert"/>
<setting id="com.aptana.ide.editors.codeassist.formatter.insert_space_before_opening_brace_in_type_declaration" value="insert"/>
<setting id="com.aptana.ide.editors.codeassist.formatter.continuation_indentation_for_array_initializer" value="2"/>
<setting id="FORMATTER_INSERT_SPACE_AFTER_CONCAT" value="not-insert"/>
<setting id="com.aptana.ide.editors.codeassist.formatter.insert_space_before_opening_brace_in_block" value="insert"/>
<setting id="com.aptana.ide.editors.codeassist.formatter.insert_space_between_empty_parens_in_annotation_type_member_declaration" value="false"/>
<setting id="com.aptana.ide.editors.codeassist.formatter.insert_space_after_comma_in_for_increments" value="insert"/>
<setting id="com.aptana.ide.editors.codeassist.formatter.insert_new_line_in_empty_enum_declaration" value="doctype,br,link,meta"/>
<setting id="com.aptana.ide.editors.codeassist.formatter.compact_else_if" value="true"/>
<setting id="FORMATTER_INSERT_SPACE_AFTER_COMMA_IN_MULTIPLE_CONSTANT_DECLARATIONS" value="insert"/>
<setting id="com.aptana.ide.editors.codeassist.formatter.insert_space_after_comma_in_for_inits" value="insert"/>
<setting id="com.aptana.ide.editors.codeassist.formatter.insert_space_after_comma_in_method_invocation_arguments" value="insert"/>
<setting id="com.aptana.ide.editors.codeassist.formatter.insert_new_line_in_empty_block" value="insert"/>
<setting id="com.aptana.ide.editors.codeassist.formatter.tabulation.size" value="4"/>
<setting id="com.aptana.ide.editors.codeassist.formatter.insert_space_after_and_in_type_parameter" value=""/>
<setting id="com.aptana.ide.editors.codeassist.formatter.insert_space_after_colon_in_conditional" value="insert"/>
<setting id="FORMATTER_INSERT_SPACE_AFTER_OBJECT_OPERATOR" value="not-insert"/>
<setting id="FORMATTER_INSERT_NEW_LINE_IN_EMPTY_CLASS_BODY" value="insert"/>
<setting id="com.aptana.ide.editors.codeassist.formatter.insert_space_after_colon_in_for" value="insert"/>
<setting id="com.aptana.ide.editors.codeassist.formatter.brace_position_for_switch" value="end_of_line"/>
<setting id="com.aptana.ide.editors.codeassist.formatter.blank_lines_before_method" value="0"/>
<setting id="com.aptana.ide.editors.codeassist.formatter.insert_space_after_comma_in_array_initializer" value="insert"/>
<setting id="com.aptana.ide.editors.codeassist.formatter.tabulation.char" value=" "/>
<setting id="com.aptana.ide.editors.codeassist.formatter.brace_position_for_block" value="end_of_line"/>
<setting id="com.aptana.ide.editors.codeassist.formatter.insert_space_after_comma_in_method_declaration_throws" value="insert"/>
<setting id="com.aptana.ide.editors.codeassist.formatter.brace_position_for_block_in_case" value="end_of_line"/>
<setting id="com.aptana.ide.editors.codeassist.formatter.keep_imple_if_on_one_line" value="false"/>
<setting id="com.aptana.ide.editors.codeassist.formatter.insert_space_before_opening_paren_in_for" value="insert"/>
<setting id="com.aptana.ide.editors.codeassist.formatter.insert_space_before_opening_paren_in_while" value="insert"/>
<setting id="com.aptana.ide.editors.codeassist.formatter.insert_new_line_before_else_in_if_statement" value="not-insert"/>
<setting id="com.aptana.ide.editors.codeassist.formatter.keep_then_statement_on_same_line" value="false"/>
<setting id="com.aptana.ide.editors.codeassist.formatter.insert_space_after_comma_in_method_declaration_parameters" value="insert"/>
<setting id="com.aptana.ide.editors.codeassist.formatter.indent_switchstatements_compare_to_switch" value="false"/>
<setting id="com.aptana.ide.editors.codeassist.formatter.wraptags2" value=""/>
<setting id="com.aptana.ide.editors.codeassist.formatter.insert_space_after_assignment_operator" value="insert"/>
<setting id="com.aptana.ide.editors.codeassist.formatter.insert_space_before_opening_paren_in_if" value="insert"/>
</profile>
</profiles>
