<member name="res_digium_phone" displayname="Download the Digium Phone Module for Asterisk.  See https://downloads.digium.com/pub/telephony/res_digium_phone/README.">
	<support_level>external</support_level>
	<conflict>no_binary_modules</conflict>
	<depend>xmlstarlet</depend>
	<depend>bash</depend>
	<defaultenabled>no</defaultenabled>
	<member_data>
		<downloader>
			<variants>
				<variant tag="bundled" condition='[[ "$PJPROJECT_BUNDLED" = "yes" ]]'/>
			</variants>
		</downloader>
	</member_data>
</member>
